{"cameraMode":{"drawMode":0,"name":"Shaded","section":"Shading Mode"},"sceneLighting":false,"audioPlay":false,"sceneViewState":{"m_AlwaysRefresh":false,"showFog":false,"showSkybox":false,"showFlares":false,"showImageEffects":false,"showParticleSystems":false,"showVisualEffectGraphs":true,"m_FxEnabled":true},"in2DMode":false,"pivot":{"x":0.38353273272514346,"y":1.3536956310272217,"z":-0.030707307159900667},"rotation":{"x":0.17725901305675507,"y":0.7434694170951843,"z":-0.21716581284999848,"w":0.6073086857795715},"size":0.27778345346450808,"orthographic":false}