{"cameraMode":{"drawMode":0,"name":"Shaded","section":"Shading Mode"},"sceneLighting":true,"audioPlay":false,"sceneViewState":{"m_AlwaysRefresh":false,"showFog":true,"showSkybox":true,"showFlares":true,"showImageEffects":true,"showParticleSystems":true,"showVisualEffectGraphs":true,"m_FxEnabled":true},"in2DMode":false,"pivot":{"x":0.09230095148086548,"y":1.576257348060608,"z":-0.08073538541793823},"rotation":{"x":0.00035183652653358877,"y":0.9994841814041138,"z":0.015887649729847909,"w":-0.03058784455060959},"size":0.3094308376312256,"orthographic":false}