{"cameraMode":{"drawMode":0,"name":"Shaded","section":"Shading Mode"},"sceneLighting":true,"audioPlay":false,"sceneViewState":{"m_AlwaysRefresh":false,"showFog":true,"showSkybox":true,"showFlares":true,"showImageEffects":true,"showParticleSystems":true,"showVisualEffectGraphs":true,"m_FxEnabled":true},"in2DMode":false,"pivot":{"x":-0.14809998869895936,"y":1.3090846538543702,"z":0.3267485797405243},"rotation":{"x":-0.18682141602039338,"y":0.36613354086875918,"z":-0.07529070973396301,"w":-0.9085018038749695},"size":0.5088931322097778,"orthographic":false}