{"cameraMode":{"drawMode":0,"name":"Shaded","section":"Shading Mode"},"sceneLighting":false,"audioPlay":false,"sceneViewState":{"m_AlwaysRefresh":false,"showFog":false,"showSkybox":false,"showFlares":false,"showImageEffects":false,"showParticleSystems":false,"showVisualEffectGraphs":true,"m_FxEnabled":true},"in2DMode":false,"pivot":{"x":-0.19504664838314057,"y":1.2534974813461304,"z":-0.1460900455713272},"rotation":{"x":-0.07999376952648163,"y":0.8930500745773315,"z":-0.17521697282791139,"w":-0.40682849287986758},"size":0.5734566450119019,"orthographic":false}