{"cameraMode":{"drawMode":0,"name":"Shaded","section":"Shading Mode"},"sceneLighting":false,"audioPlay":false,"sceneViewState":{"m_AlwaysRefresh":false,"showFog":false,"showSkybox":false,"showFlares":false,"showImageEffects":false,"showParticleSystems":false,"showVisualEffectGraphs":true,"m_FxEnabled":true},"in2DMode":false,"pivot":{"x":0.20167513191699983,"y":1.2645668983459473,"z":-0.00006246566772460938},"rotation":{"x":0.0069815050810575489,"y":0.9697913527488709,"z":-0.24227413535118104,"w":0.0279378704726696},"size":0.8613598942756653,"orthographic":false}