{"cameraMode":{"drawMode":0,"name":"Shaded","section":"Shading Mode"},"sceneLighting":false,"audioPlay":false,"sceneViewState":{"m_AlwaysRefresh":false,"showFog":false,"showSkybox":false,"showFlares":false,"showImageEffects":false,"showParticleSystems":false,"showVisualEffectGraphs":true,"m_FxEnabled":true},"in2DMode":false,"pivot":{"x":-0.030256077647209169,"y":1.5944197177886963,"z":0.02355712652206421},"rotation":{"x":-0.1564117670059204,"y":0.7931795120239258,"z":-0.22878028452396394,"w":-0.5422947406768799},"size":0.216414213180542,"orthographic":false}