{"cameraMode":{"drawMode":0,"name":"Shaded","section":"Shading Mode"},"sceneLighting":false,"audioPlay":false,"sceneViewState":{"m_AlwaysRefresh":false,"showFog":false,"showSkybox":false,"showFlares":false,"showImageEffects":false,"showParticleSystems":false,"showVisualEffectGraphs":true,"m_FxEnabled":true},"in2DMode":false,"pivot":{"x":0.11281612515449524,"y":0.5594062805175781,"z":0.06512762606143952},"rotation":{"x":-0.08331090211868286,"y":0.8180612921714783,"z":-0.12264280766248703,"w":-0.5557112097740173},"size":0.16810627281665803,"orthographic":false}